url,label
https://www.sipregistration.net/cart,0
https://247games.com/dashboard,0
https://247games.com/blog,0
https://salvemusic.com.ua/about,0
https://salvemusic.com.ua/team,0
https://cdnbuild.net/documentation,0
https://cdnbuild.net/en/news,0
https://kiabi.es,0
https://kiabi.es/en/home,0
https://botdb.win/settings,0
https://botdb.win/research,0
https://huedatastore.com/contact,0
https://bidtox.com/checkout,0
https://bidtox.com/press,0
https://gie.eu/events,0
https://gie.eu/support,0
https://www.8newsnow.com,0
https://www.8newsnow.com/contact,0
https://picasion.com/legal,0
https://www.di.se/team,0
https://haystravel.co.uk/profile,0
https://haystravel.co.uk/resources,0
https://xhamster.com/help,0
https://www.novada.com/signup,0
https://www.novada.com/contact,0
https://dextools.io/contact-us,0
https://www.www.com.tw/help,0
https://epymtservice.com/insights,0
https://epymtservice.com/services,0
https://www.sony.de/privacy,0
https://www.sony.de/contact,0
https://www.zkcdn.net/about,0
https://www.zkcdn.net/account,0
https://teamviewer.com,0
https://posiflora.com/profile,0
https://www.nflxvideo.net/cookies,0
https://cityinspect.com/support,0
https://www.indupro.ch/research,0
https://www.indupro.ch/solutions,0
https://sijex.net/media,0
https://onlamp.com/documentation,0
https://onlamp.com,0
https://argentina.gob.ar/team,0
https://www.biblegateway.com,0
https://www.biblegateway.com/download,0
https://xn--b1agapfwapgcl.xn--p1ai/download,0
https://xn--b1agapfwapgcl.xn--p1ai/events,0
https://www.cn.ru/en/about-us,0
https://www.atmosphera.com/faq,0
https://iptvportal.ru/contact-us,0
https://iptvportal.ru/login,0
https://www.midjourney.com/cookies,0
https://www.midjourney.com/cart,0
https://linkschakel.nl/documentation,0
https://linkschakel.nl/shop,0
https://pixelgorithm.com/help,0
https://pixelgorithm.com/leadership,0
https://www.adaniairports.com/en/news,0
https://www.adaniairports.com/shop,0
https://www.dxm-yibai.com/account,0
https://www.pli-petronas.com/contact-us,0
https://www.pli-petronas.com/media,0
https://www.trustedshops.com/legal,0
https://www.pitt.edu/en/about-us,0
https://geoplugin.net/terms,0
https://www.shortpixel.ai/en/about,0
https://www.tilda.ws/news,0
https://www.tilda.ws/media,0
https://nmrodam.com,0
https://nmrodam.com/shop,0
https://www.naoned.fr/terms,0
https://temp-mail.org/en/about,0
https://temp-mail.org/legal,0
https://www.kwai-video.com/profile,0
https://www.kwai-video.com/terms,0
https://www.itnews.com.au/terms,0
https://www.itnews.com.au/press,0
https://livejournal.com/insights,0
https://www.ads-pixiv.net,0
https://www.ads-pixiv.net/signin,0
https://www.techreport.com/resources,0
https://www.techreport.com/press,0
https://www.tcellcdn.net/en/about,0
https://www.tcellcdn.net/legal,0
https://blackhub.team/signin,0
https://www.woub.org/en/home,0
https://www.woub.org/events,0
https://search-porn-videos.com/en/home,0
https://search-porn-videos.com/services,0
https://myspace.com/api/docs,0
https://startersites.io/register,0
https://www.host-telecom.com/team,0
https://resolver.arpa/team,0
https://immobilienscout24.de/resources,0
https://breastinstitute.info/research,0
https://imss.gob.mx/download,0
https://imss.gob.mx/shop,0
https://www.procer.com.br/shop,0
https://vb8.cards/services,0
https://watchhentai.net/en/home,0
https://watchhentai.net/signin,0
https://famoustwin-ke.com/account,0
https://www.oldham.gov.uk/en/about-us,0
https://www.oldham.gov.uk/signup,0
https://jcbmachineryparts.com/news,0
https://jizzongals.com,0
https://jizzongals.com/signin,0
https://uni-kiel.de/settings,0
https://opentechnology.ru/blog,0
https://thredup.com/events,0
https://kaggle.com/terms,0
https://kaggle.com/blog,0
https://www.balt.net/careers,0
https://www.balt.net/cart,0
https://tk-kit.ru/cart,0
https://escoffier.edu/documentation,0
https://www.openssl.org/settings,0
https://www.openssl.org/faq,0
https://www.xlcatlinfa.com/en/news,0
https://www.xlcatlinfa.com/account,0
https://venturebeat.com/downloads,0
https://c-trace.de/about,0
https://c-trace.de/insights,0
https://modal.host/jobs,0
https://sciencemag.org/signin,0
https://sciencemag.org/account,0
https://www.sigmaaldrich.com/en/about,0
https://www.sigmaaldrich.com/en/about-us,0
https://washington.edu/insights,0
https://washington.edu/support,0
https://www.sweetwater.com,0
https://hostlogr.com,0
https://hostlogr.com/contact-us,0
https://www.zerocdn.com/team,0
https://8888.bg/products,0
https://8888.bg/settings,0
https://www.obilet.com/signin,0
https://www.obilet.com/press,0
https://www.nogenergyweek.com/about-us,0
https://www.nogenergyweek.com/login,0
https://www.fashionfusion.co.za,0
https://grazia.it/settings,0
https://grazia.it/downloads,0
https://feingoldhandel.de/about-us,0
https://feingoldhandel.de/checkout,0
https://www.csob.cz/services,0
https://www.chaturbatego.com/en/news,0
https://www.leolist.cc,0
https://www.leolist.cc/settings,0
https://viamichelin.ch/jobs,0
https://www.059t.com/about,0
https://www.059t.com/solutions,0
https://www.asburo.ru/contact,0
https://ecu.edu/news,0
https://ecu.edu/docs,0
https://pr.gov/checkout,0
https://scotiabingo.co.uk/about,0
https://joinclubhouse.com/shop,0
https://www.webmd.com/help,0
https://www.webmd.com/downloads,0
https://nfl.com/careers,0
https://flaticon.com/about-us,0
https://flaticon.com/services,0
https://www.hostsserver.com/events,0
https://www.revton.net/help,0
https://www.revton.net/jobs,0
https://www.airbnb.com.vn/pricing,0
https://setlist.fm/pricing,0
https://www.kpmg.com/settings,0
https://www.kpmg.com/resources,0
https://arconazure.com/cookies,0
https://arconazure.com/services,0
https://www.mecca.com/api/docs,0
https://conviva.com/insights,0
https://www.zonaereader.com/terms,0
https://crsorgi.gov.in/terms,0
https://myvolumio.org/cookies,0
https://sildenafilefvb.com/faq,0
https://catalunyareligio.cat/docs,0
https://afribaba.com/en/home,0
https://afribaba.com/faq,0
https://www.awsdns-cn-59.cn/about,0
https://www.awsdns-cn-59.cn/resources,0
https://www.ubuntu.com,0
https://pcpop.com,0
https://free-iqtest.net/legal,0
https://free-iqtest.net/signup,0
https://www.shopee.com.br/settings,0
https://www.shopee.com.br/jobs,0
https://www.linktr.ee/signin,0
https://google.bt/legal,0
https://www.sdshare.cfd/en/home,0
https://github.com/register,0
https://www.elliot.ai,0
https://crypho720.com/contact-us,0
https://crypho720.com/leadership,0
https://vggcdn.net/register,0
https://www.mayoclinic.org/contact-us,0
https://www.twinkl.co.uk/settings,0
https://nic.bingo/help,0
https://nic.bingo/cookies,0
https://www.jointherealworld.com/faq,0
https://www.jointherealworld.com/press,0
https://infoave.net/downloads,0
https://infoave.net/contact-us,0
https://agora.io/support,0
https://www.surahquran.com/cookies,0
https://www.surahquran.com/about,0
https://www.wishabi.com/terms,0
https://assurancewireless.com,0
https://assurancewireless.com/terms,0
https://www.moengage.com/faq,0
https://isaca.org/en/about-us,0
https://mercadolibre.com/solutions,0
https://smartthings.com,0
https://www.letssingit.com/pricing,0
https://www.haiku-os.org/blog,0
https://www.haiku-os.org/docs,0
https://awsdns-36.com/en/about,0
https://www.surveymonkey.com/solutions,0
https://www.surveymonkey.com/account,0
https://tplinkcloud.com/signin,0
https://tplinkcloud.com/about,0
https://revisionenergy.com/legal,0
https://www.capcutstatic.com/media,0
https://www.upessc.org/documentation,0
https://alidns.com/resources,0
https://alidns.com/signup,0
https://www.ebay.com/en/about,0
https://www.ebay.com/about-us,0
https://ec-it.ir/products,0
https://ec-it.ir/signup,0
https://www.floridadems.org/shop,0
https://www.floridadems.org/api/docs,0
https://cadena3.com/en/news,0
https://cadena3.com/terms,0
https://openstreetmap.org/downloads,0
https://www.ihsangunes.com/blog,0
https://tronlink.org,0
https://tronlink.org/solutions,0
https://www.korona-auto.com/support,0
https://www.heilpflanzen-welt.de/downloads,0
https://www.heilpflanzen-welt.de/api/docs,0
https://awsdns-14.net/cookies,0
https://googlevideo.com,0
https://googlevideo.com/terms,0
https://www.airbnb.com/download,0
https://capcutapi.com/solutions,0
https://www.pelmorex.com/settings,0
https://www.pelmorex.com/faq,0
https://www.telkomsel.com/en/news,0
https://ruvr.ru/cart,0
https://lindungihutan.com/en/news,0
https://www.belarus.by/news,0
https://www.belarus.by/dashboard,0
https://www.a.au/research,0
https://www.a.au/account,0
https://www.inc.com/account,0
https://www.inc.com/team,0
https://www.a3d.cl/products,0
https://www.networkoperations.nl/blog,0
https://www.lky7bet.com/account,0
https://www.lky7bet.com/leadership,0
https://www.nexx360-static.io/resources,0
https://www.nexx360-static.io/services,0
https://www.destatis.de/contact-us,0
https://www.destatis.de/login,0
https://shop-assistant.ru/download,0
https://shop-assistant.ru/settings,0
https://www.nstld.com/account,0
https://www.faphouse.com/help,0
https://www.curriculumnacional.cl/profile,0
https://drop.io,0
https://launchpad.net/en/about,0
https://launchpad.net/api/docs,0
https://www.dadcrush.com/leadership,0
https://www.dpd.de/contact-us,0
https://www.psd.com/news,0
https://registercitizen.com/profile,0
https://registercitizen.com/faq,0
https://55ujogo.com/en/news,0
https://toptoon.jp,0
https://www.kry.co.jp/checkout,0
https://gartner.com/about-us,0
https://pages.dev,0
https://pages.dev/contact-us,0
https://josbank.com/press,0
https://www.sunrise-lg.com/documentation,0
https://www.sunrise-lg.com/downloads,0
https://www.hicloudcam.com/profile,0
https://www.hicloudcam.com/jobs,0
https://www.google.bs/media,0
https://ltrbxd.com,0
https://ltrbxd.com/blog,0
https://www.able-group.ru/checkout,0
https://www.b-pl.pro/en/about,0
https://www.b-pl.pro/privacy,0
https://www.blogdepelis.net/news,0
https://www.blogdepelis.net/docs,0
https://bidblazers.com/cart,0
https://umanitoba.ca/docs,0
https://alibabacorp.com/en/home,0
https://alibabacorp.com/privacy,0
https://www.dnsv4.com/legal,0
https://www.dnsv4.com/en/about-us,0
https://www.ns1.mk,0
https://www.ns1.mk/media,0
https://manpag.es,0
https://chamsko.pl,0
https://chamsko.pl/research,0
https://grandclubworld.com/en/news,0
https://grandclubworld.com/resources,0
https://www.backpackers.com.tw/contact,0
https://ipv6-test.com/signin,0
https://attmex.mx/events,0
https://5-55.ru/en/about-us,0
https://www.kwai.net/help,0
https://www.kwai.net/media,0
https://antgain.app/research,0
https://antgain.app/api/docs,0
https://octopuce.net/download,0
https://yelp.com/en/about-us,0
https://www.girls-day.de/en/home,0
https://www.girls-day.de/register,0
https://www.pilipinay.tv/about-us,0
https://columbia.edu,0
https://topsmestaj.com/support,0
https://www.wally.me/research,0
https://feministing.com/research,0
https://www.kqxsmn.com.vn,0
https://www.app-analytics-services.com/resources,0
https://sedoparking.com/faq,0
https://sedoparking.com/about,0
https://www.tokka.com/en/news,0
https://www.tokka.com/contact,0
https://pi-asp.de/news,0
https://pi-asp.de/press,0
https://iysjqxiu.cc/cart,0
https://iysjqxiu.cc/insights,0
https://tf1info.fr/download,0
https://tf1info.fr/media,0
https://cssbuy.com/dashboard,0
https://cssbuy.com/solutions,0
https://www.buildfastcar.com/docs,0
https://micahsims.com/news,0
https://micahsims.com/media,0
https://www.note.com/en/about-us,0
https://www.note.com/resources,0
https://www.bg.geek.nz/research,0
https://www.bg.geek.nz/shop,0
https://www.bharatkosh.gov.in/terms,0
https://www.anwalt.de/pricing,0
https://verizon.com/cart,0
https://verizon.com/press,0
https://aaregistry.org/download,0
https://www.appli.se,0
https://www.appli.se/team,0
https://www.comparic.pl/settings,0
https://noradarealestate.com/insights,0
https://noradarealestate.com/contact,0
https://www.spdx.org/docs,0
https://www.ads.net.id/careers,0
https://www.ads.net.id/press,0
https://www.mitelis.cc/help,0
https://www.mitelis.cc/en/home,0
https://onestart.ai/en/about-us,0
https://onestart.ai/insights,0
https://www.blogdeazar.com/press,0
https://www.obr55.ru/signup,0
https://www.gitlab.io/about,0
https://www.gitlab.io/contact,0
https://www.milfporn.tv/downloads,0
https://www.milfporn.tv/press,0
https://uidaho.edu/support,0
https://www.wednet.edu/download,0
https://www.wednet.edu,0
https://haproxy.com/store,0
https://www.kodif.ai,0
https://www.tableplus.ph/products,0
https://www.marathonpetroleum.com/dashboard,0
https://www.marathonpetroleum.com/signup,0
https://www.mweda.com,0
https://www.satom.ru,0
https://www.satom.ru/blog,0
https://flaxmakerswim.com/about-us,0
https://flaxmakerswim.com/signup,0
https://www.charlestoncitypaper.com/products,0
https://www.charlestoncitypaper.com/contact,0
https://www.scenariolearning.net/cart,0
https://wildberries.ru/privacy,0
https://www.barkersonline.co.nz/documentation,0
https://www.barkersonline.co.nz/insights,0
https://bytegle.tech/about-us,0
https://bytegle.tech/checkout,0
https://nist.gov/faq,0
https://www.hearing.com.au/team,0
https://www.hearing.com.au/media,0
https://www.xnxxsx.org/login,0
https://www.xnxxsx.org/leadership,0
https://www.mohre.gov.ae,0
https://www.mohre.gov.ae/en/about-us,0
https://code.org/about-us,0
https://www.marusan-sec.co.jp/events,0
https://www.marusan-sec.co.jp/en/news,0
https://dawndispatch.com/docs,0
https://peacocks.co.uk/en/home,0
https://peacocks.co.uk/profile,0
https://www.xhamster.desi/en/about-us,0
https://www.xhamster.desi/pricing,0
https://pysznosci.pl/documentation,0
https://progorod43.ru/legal,0
https://nemzetisport.hu/contact-us,0
https://mida-app.io/press,0
https://mida-app.io/media,0
https://www.viewfresh.uk/news,0
https://www.madgexhosting.net/profile,0
https://www.zhsumarc.com/store,0
https://www.abandomoviez.net/about-us,0
https://ptnk.edu.vn/en/about,0
https://ptnk.edu.vn/account,0
https://kemenimipas.go.id,0
https://kemenimipas.go.id/insights,0
https://www.busywriter.com/careers,0
https://www.busywriter.com/contact-us,0
https://ebs.co.kr/contact,0
https://www.hngms.org.uk/insights,0
https://www.tass.ru/careers,0
https://www.tass.ru/login,0
https://www.truecasinohub.nl/en/about-us,0
https://www.truecasinohub.nl/store,0
https://www.google.fm/signin,0
https://100percent.com,0
https://100percent.com/documentation,0
https://www.springer.com/settings,0
https://www.springer.com/pricing,0
https://www.topsecret.pl/signin,0
https://www.topsecret.pl/faq,0
https://privatalfaiz.id/signin,0
https://privatalfaiz.id/register,0
https://www.singular.net/solutions,0
https://www.seelmann.it/resources,0
https://www.seelmann.it/account,0
https://www.brinks.fr/checkout,0
https://www.brinks.fr/store,0
https://iperson.xyz/careers,0
https://iperson.xyz/services,0
https://razersynapse.com,0
https://razersynapse.com/legal,0
https://smartreelslab.nl/register,0
https://cultofpedagogy.com/news,0
https://cultofpedagogy.com/resources,0
https://www.awn.com/media,0
https://www.iprima.cz,0
https://xnxx-ru.com,0
https://xnxx-ru.com/faq,0
https://paloaltonetworks.com/faq,0
https://paloaltonetworks.com/leadership,0
https://www.butterflynetwork.com/profile,0
https://www.cninfo.net/terms,0
https://www.cninfo.net/store,0
https://www.google.lt/en/about,0
https://www.google.lt/en/news,0
https://dramaboxdb.com/login,0
https://www.dailymail.com/signup,0
https://baidu-itm.com/press,0
https://imimg.com/solutions,0
https://compress2go.com/signin,0
https://facednevzat.monster/resources,0
https://nuernberger.de/privacy,0
https://mdwx.be/store,0
https://googleadservices.com/login,0
https://www.afar.com/download,0
https://www.afar.com/checkout,0
https://www.skgz.nl/help,0
https://www.skgz.nl/leadership,0
https://tailorpixels.com/profile,0
https://tailorpixels.com/register,0
https://www.plumbersstock.com/en/news,0
https://www.plumbersstock.com/contact,0
https://aldi.co.uk/en/about,0
https://aldi.co.uk/checkout,0
https://www.jcb.co.jp/profile,0
https://www.jcb.co.jp/register,0
https://ys7.com/support,0
https://etstur.com/signin,0
https://etstur.com/login,0
https://wikigop.com/products,0
https://wikigop.com/blog,0
https://lazada.vn,0
https://1drv.com/dashboard,0
https://1drv.com/account,0
https://www.extreme-dm.com/checkout,0
https://www.hawaii.gov/careers,0
https://www.hawaii.gov/login,0
https://jinleizg.com/en/news,0
https://ip-tracker.org/support,0
https://dnsowl.com/profile,0
https://spotify.net/help,0
https://spotify.net/dashboard,0
https://whitehouse.gov/dashboard,0
https://www.mcusip.run/signup,0
https://www.fischipedia.org/api/docs,0
https://scoober.com/profile,0
https://www.aminoapps.com/solutions,0
https://wikiquote.org/careers,0
https://wikiquote.org/insights,0
https://www.simplepart.com/en/news,0
https://www.simplepart.com/login,0
https://www.afd.fr/privacy,0
https://fastly-edge.com/privacy,0
https://www.swbmail.de/profile,0
https://33fd1ab248.com,0
https://33fd1ab248.com/careers,0
https://whatismyip.com/news,0
https://floridaresidentsdirectory.com/careers,0
https://floridaresidentsdirectory.com/en/about-us,0
https://edelflex.com/blog,0
https://edelflex.com/account,0
https://www.bbc.com/resources,0
https://www.rumahweb.net/cart,0
https://www.rumahweb.net/media,0
https://www.myshn.net,0
https://bbc.co.uk/events,0
https://battlenet.com.cn/terms,0
https://beautylisher.com/news,0
https://no-ip.com/documentation,0
https://no-ip.com/jobs,0
https://dentalisnet.com.br,0
https://decoyrental.com,0
https://decoyrental.com/account,0
https://akam.net,0
https://worldnic.com/solutions,0
https://www.qhimg.com/news,0
https://www.qhimg.com/register,0
https://b-msedge.net/about,0
https://b-msedge.net/press,0
https://cracking-tcgsingles.com.au/signup,0
https://cracking-tcgsingles.com.au/leadership,0
https://reactnative.dev/profile,0
https://reactnative.dev/jobs,0
https://service-public.fr/help,0
https://service-public.fr/terms,0
https://www.portsmouth.gov.uk/research,0
https://wtlhf.com/solutions,0
https://awsdns-55.co.uk/services,0
https://www.mage.space/contact-us,0
https://cs.com.cn/docs,0
https://sooplive.com/en/home,0
https://sooplive.com/resources,0
https://www.mega.io/dashboard,0
https://awsdns-22.com,0
https://www.prrplt4.com/team,0
https://www.prrplt4.com/docs,0
https://www.choiceadvantage.com/settings,0
https://www.choiceadvantage.com/privacy,0
https://www.plala.or.jp/register,0
https://esihs.net/dashboard,0
https://calendly.com/careers,0
https://equant.net/legal,0
https://www.ingos.ru/signup,0
https://www.forbes.com/terms,0
https://www.wyzecam.com/resources,0
https://scdn.co/help,0
https://otbstrategy.com,0
https://otbstrategy.com/press,0
https://sccu.com.au/settings,0
https://www.motoallegro.net,0
https://www.motoallegro.net/pricing,0
https://h264.io/contact-us,0
https://fee.org/about-us,0
https://fee.org/blog,0
https://akamai.com/downloads,0
https://www.generation-startup.ru/checkout,0
https://www.generation-startup.ru/solutions,0
https://www.awsdns-60.net/leadership,0
https://www.awsdns-60.net/login,0
https://press.pl,0
https://www.cosmofeed.com/profile,0
https://www.cosmofeed.com/research,0
https://bluehost.com/contact,0
https://lingokids.com,0
https://www.entel.pe/support,0
https://etranslate.io/signin,0
https://etranslate.io/shop,0
https://life.church/faq,0
https://www.leipzig.de/contact-us,0
https://rufus.ie/signin,0
https://rufus.ie/docs,0
https://hubteam.com/careers,0
https://hubteam.com/research,0
https://www.australiandestinations.com.au/contact-us,0
https://www.amoredesejo.co.mz/press,0
https://legacyroulettezone.com/en/about-us,0
https://legacyroulettezone.com/research,0
https://www.seovip.biz/shop,0
https://exitlag.net,0
https://exitlag.net/shop,0
https://buzzfeednews.com/privacy,0
https://www.www.gov.br/careers,0
https://blog44put.shop/login,0
https://plantsexpress.com/download,0
https://b-cdn.net/dashboard,0
https://kp.ru/jobs,0
https://www.vuihoc.vn/privacy,0
https://utilitydive.com/en/about,0
https://utilitydive.com/blog,0
https://jjjshg.com,0
https://theo.lv/legal,0
https://notebookgalerie.de/about,0
https://notebookgalerie.de/press,0
https://tamucc.edu/support,0
https://tamucc.edu/pricing,0
https://www.awsdns-59.net/legal,0
https://www.blerp.com/documentation,0
https://www.blerp.com/pricing,0
https://www.theconversation.com/en/about-us,0
https://www.theconversation.com/research,0
https://www.bing.net/account,0
https://www.bing.net/team,0
https://www.espm.br/checkout,0
https://www.espm.br/api/docs,0
https://twimg.com,0
https://twimg.com/careers,0
https://system447.com/about-us,0
https://www.shiabank.com/en/about,0
https://www.shiabank.com/legal,0
https://helixops.ai/faq,0
https://helixops.ai/support,0
https://www.chyoa.com/leadership,0
https://www.fifaindex.com/download,0
https://www.fifaindex.com/dashboard,0
https://streamex.sh/contact-us,0
https://streamex.sh/contact,0
https://www.independent.co.uk,0
https://www.nhs.net/en/about,0
https://www.nhs.net/cookies,0
https://smartlight.cc,0
https://toshin.com/download,0
https://toshin.com/news,0
https://domaincontrol.com/login,0
https://domaincontrol.com/contact,0
https://esa.int/contact-us,0
https://angi.com/leadership,0
https://angi.com/services,0
https://www.learnesl.net/download,0
https://paywb.com,0
https://paywb.com/cart,0
https://goessner.net/resources,0
https://lagarzarara.com/dashboard,0
https://lagarzarara.com/en/news,0
https://www.politifact.com/terms,0
https://verisign.com/en/about,0
https://unesco.org/legal,0
https://unesco.org/resources,0
https://herokuapp.com/settings,0
https://www.1go.plus/contact,0
https://www.ox.ac.uk/legal,0
https://www.ox.ac.uk/docs,0
https://www.kuyhaa.me/signin,0
https://adobe.io/signup,0
https://adobe.io/team,0
https://jpadilla.com/careers,0
https://ondemand.com/en/about,0
https://ondemand.com/settings,0
https://www.dual-s-msedge.net/products,0
https://allergan.com/help,0
https://allergan.com/profile,0
https://joplinglobe.com/download,0
https://miracleon.ru/legal,0
https://technorati.com/download,0
https://technorati.com/contact-us,0
https://tp-link.com/en/news,0
https://tp-link.com/en/about-us,0
https://faridabadkingsatta.com/profile,0
https://faridabadkingsatta.com/api/docs,0
https://www.rwsgateway.com/research,0
https://www.rwsgateway.com/jobs,0
https://www.ns-ncloud.com,0
https://www.loomisusa.com/dashboard,0
https://www.iflix18.com/events,0
https://www.iflix18.com/insights,0
https://www.cdnlyra.com/profile,0
https://www.cdnlyra.com/login,0
https://ctdns.cn/settings,0
https://nostalgie.fr/events,0
https://wav.tv/team,0
https://wav.tv/contact,0
https://google.com/api/docs,0
https://uni.rest/legal,0
https://uni.rest/pricing,0
https://www.abload.de/settings,0
https://www.abload.de/dashboard,0
https://pocketgamer.com/careers,0
https://pocketgamer.com/docs,0
https://www.engyprint.cn/en/about,0
https://www.engyprint.cn,0
https://rackstore.ae/products,0
https://rackstore.ae/shop,0
https://game.co.za/cart,0
https://game.co.za/solutions,0
https://uky.edu/events,0
https://uky.edu/en/news,0
https://trbcdn.net/resources,0
https://www.we88tth5.com/signup,0
https://kusonime.com/media,0
https://www.mosff.ru/docs,0
https://www.petycjeonline.com/en/about,0
https://www.petycjeonline.com/login,0
https://www.pethelpful.com,0
https://www.pethelpful.com/support,0
https://www.aamft.org,0
https://firebasedatabase.app,0
https://firebasedatabase.app/store,0
https://unifi.credit/terms,0
https://unifi.credit/insights,0
https://prestigesevergreen.info/about,0
https://prestigesevergreen.info/insights,0
https://wixsite.com/media,0
https://cloudflareportal.com/careers,0
https://www.upwork.com/about-us,0
https://www.upwork.com/help,0
https://www.media-amazon.com/dashboard,0
https://meformerenregion.fr/signup,0
https://meformerenregion.fr/services,0
https://photofolio.com/en/about,0
https://photofolio.com/events,0
https://myvue.com/contact-us,0
https://czbooks.net/checkout,0
https://czbooks.net/pricing,0
https://po-holdings.co.jp,0
https://jd.com/insights,0
https://jd.com/docs,0
https://plantmaster.com/en/home,0
https://plantmaster.com/login,0
https://earnest.com/cookies,0
https://gamma.site/legal,0
https://gamma.site/research,0
https://blackmagicdesign.com,0
https://blackmagicdesign.com/signup,0
https://siriusxm.com/account,0
https://2.domains/press,0
https://www.ewha.ac.kr/cart,0
https://www.55xx6.net/profile,0
https://my-origines.com/services,0
https://webindia123.com/about,0
https://webindia123.com/checkout,0
https://www.managed-ip.info,0
https://www.cyrisma.com,0
https://www.cyrisma.com/about-us,0
https://www.vaisala.com/insights,0
https://aer-wsale.com/en/about-us,0
https://www.nflperry.com/careers,0
https://www.nflperry.com/docs,0
https://www.focus.de/account,0
https://www.focus.de/jobs,0
https://www.browserdog.com/en/home,0
https://seustillo.com.br/events,0
https://4shared.com/settings,0
https://www.nothingtech.link/legal,0
https://www.nothingtech.link/contact,0
https://www.vercel-storage.com/about-us,0
https://www.vercel-storage.com/store,0
https://sexnetvc.com/documentation,0
https://sexnetvc.com/docs,0
https://www.stackadapt.com/privacy,0
https://t2v.com/news,0
https://www.vkuser.net/cart,0
https://www.vkuser.net/blog,0
https://canlidoviz.com,0
https://canlidoviz.com/en/about,0
https://www.uscis.gov/contact-us,0
https://buugabar.com/en/about,0
https://buugabar.com/en/home,0
https://consulpam.com.br/api/docs,0
https://consulpam.com.br/services,0
https://rdb.ru/careers,0
https://rdb.ru/services,0
https://www.irshad.az/press,0
https://www.rice.edu/products,0
https://www.rice.edu/contact-us,0
https://anota.ai/events,0
https://www.2gis.com/en/about,0
https://www.2gis.com/checkout,0
https://www.ignitenet.com/login,0
https://www.contaboserver.net/help,0
https://www.contaboserver.net/support,0
https://www.hath.network/contact,0
https://www.uz.gov.ua/products,0
https://myskcdn.com/support,0
https://myskcdn.com/shop,0
https://nestlechinese.com/en/about-us,0
https://www.python.org/press,0
https://www.python.org/jobs,0
https://www.hwgame.cloud/insights,0
https://www.enacdn.net/signin,0
https://www.enacdn.net/faq,0
https://www.adnkronos.com/privacy,0
https://www.adnkronos.com/leadership,0
https://www.inaccuracy.net/en/about,0
https://www.inaccuracy.net/terms,0
https://orderbox-dns.com/signin,0
https://www.lowninstitute.org/en/home,0
https://www.pornoreino.com/downloads,0
https://mediafire.com/legal,0
https://www.n320dvv.com/en/news,0
https://www.n320dvv.com/resources,0
https://www.cmecloud.cn/en/about,0
https://www.ving.no/resources,0
https://www.ving.no/checkout,0
https://rootonline.de/resources,0
https://rootonline.de/solutions,0
https://acidaldimin.qpon/news,0
https://acidaldimin.qpon/leadership,0
https://www.lalatslotx.com/documentation,0
https://www.sugarondemand.com/dashboard,0
https://chinhphu.vn/events,0
https://ibm.com/press,0
https://ibm.com/media,0
https://skype.com/api/docs,0
https://intellifluence.com,0
https://intellifluence.com/solutions,0
https://www.w12app.com.br/about,0
https://linksyssmartwifi.com,0
https://dikgames.com/privacy,0
https://dikgames.com/docs,0
https://rewire.to,0
https://altexsoft.com/download,0
https://altexsoft.com/contact,0
https://akamaitech.net/login,0
https://akamaitech.net/api/docs,0
https://fiduciaweb.it/docs,0
https://gnqgo.biz/en/news,0
https://gnqgo.biz/checkout,0
https://www.naverme.com/cookies,0
https://www.nikon.com/cookies,0
https://www.vinafoods.cz/terms,0
https://www.vinafoods.cz/insights,0
https://hoaxbuster.com/legal,0
https://www.kuzbass.net/solutions,0
https://www.kuzbass.net/press,0
https://www.launchdarkly.com/blog,0
https://www.launchdarkly.com/services,0
https://heytapmobile.com/download,0
https://heytapmobile.com/store,0
https://matterport.com/careers,0
https://inxxx.com/privacy,0
https://www.luscious.net/en/news,0
https://www.luscious.net/services,0
https://www.akamaihd.net,0
https://www.akamaihd.net/pricing,0
https://nextcloud.com/news,0
https://www.fundacionlacaixa.org/en/about-us,0
https://hl7.org/login,0
https://hazardousatmosphere.ru/en/about-us,0
https://hazardousatmosphere.ru/store,0
https://www.nextra.sk/about-us,0
https://www.nextra.sk/services,0
https://www.zju.edu.cn/privacy,0
https://www.zju.edu.cn/press,0
https://trackergpstracking.com/blog,0
https://trackergpstracking.com/store,0
https://tplinkwifi.net/shop,0
https://rgo.ru/downloads,0
https://rgo.ru/press,0
https://www.sharethis.com/en/news,0
https://www.sharethis.com/store,0
https://www.swiftype.com/news,0
https://www.swiftype.com/docs,0
https://contentsquare.net/cookies,0
https://www.dti.dk/blog,0
https://www.dti.dk/store,0
https://www.clashofclans-layouts.com/store,0
https://www.clashofclans-layouts.com/shop,0
https://www.gsu.by/about-us,0
https://ltn.com.tw/store,0
https://homecloud.lol/resources,0
https://www.bluestacks.com/cookies,0
https://www.bluestacks.com/careers,0
https://nanit.com/settings,0
https://www.azureedge.net/research,0
https://feherb.xyz/help,0
https://feherb.xyz/en/news,0
https://www.officeatwork.com/jobs,0
https://jeffbuckley.com/resources,0
https://jeffbuckley.com/solutions,0
https://opendemocracy.net/signup,0
https://www.service.gov.uk/products,0
https://www.service.gov.uk/login,0
https://eko4u.com/en/about-us,0
https://net-perform.com/docs,0
https://www.discord.gg/careers,0
https://www.discord.gg/faq,0
https://www.linguee.com/en/news,0
https://www.linguee.com/checkout,0
https://bdfutbol.com/en/about-us,0
https://bdfutbol.com/faq,0
https://www.mercadopago.com.ar/events,0
https://www.mercadopago.com.ar/services,0
https://loli.beer/faq,0
https://loli.beer/media,0
https://hessenschau.de/register,0
https://hessenschau.de/login,0
https://agriis.co.kr/news,0
https://agriis.co.kr/api/docs,0
https://www.spacefree.space/api/docs,0
https://www.agatinsvet.cz/contact,0
https://myhome.go.kr/insights,0
https://myhome.go.kr/support,0
https://www.ytimg.com/press,0
https://www.midwestiso.org/research,0
https://awsdns-35.net/privacy,0
https://www.myharmony.com/about-us,0
https://www.myharmony.com/about,0
https://www.ipregistry.co/about-us,0
https://www.ipregistry.co/store,0
https://doratechdns.com/documentation,0
https://doratechdns.com/shop,0
https://www.ratings.md/download,0
https://www.ratings.md/store,0
https://www.box.com/cart,0
https://ballotpedia.org/products,0
https://powerhousebooks.com,0
https://powerhousebooks.com/products,0
https://www.mox.tv/shop,0
https://www.jcat.ru/faq,0
https://www.ovh.us/press,0
https://www.fareportal.com/documentation,0
https://www.fareportal.com/resources,0
https://www.eknowhub.com/documentation,0
https://www.eknowhub.com/en/news,0
https://russianpost.ru/api/docs,0
https://www.wikipedia.com/en/about,0
https://www.americanexpress.com/help,0
https://www.americanexpress.com/signin,0
https://redirect-media.com/leadership,0
https://www.despegar.com/login,0
https://www.ca7allows.top/en/about,0
https://skanska.com/contact-us,0
https://skanska.com/support,0
https://okcdn.ru/en/home,0
https://okcdn.ru/insights,0
https://www.rubmaps.ch/en/about-us,0
https://www.rubmaps.ch/docs,0
https://www.mano.pro/events,0
https://presage.io/profile,0
https://presage.io/leadership,0
https://www.elms.edu/privacy,0
https://fang.com/docs,0
https://obuchenie-rabochih.ru/profile,0
https://ibncs.com/help,0
https://ibncs.com/careers,0
https://interfax.ru/settings,0
https://www.wayforpay.com/signup,0
https://simplenet.ro/en/about,0
https://simplenet.ro/about,0
https://www.marathonbet.com/help,0
https://www.marathonbet.com/account,0
https://swiftycdn.net/api/docs,0
https://swiftycdn.net/media,0
https://bitsavers.org/terms,0
https://www.addtoany.com/api/docs,0
https://www.youtu.be/solutions,0
https://www.youtu.be/services,0
https://www.kto.com/shop,0
https://infzm.com/contact-us,0
https://aragonresearch.com,0
https://aragonresearch.com/shop,0
https://www.office365.com/privacy,0
https://gimnasiosuperior.edu.co/en/about-us,0
https://gimnasiosuperior.edu.co/terms,0
https://google.lk/events,0
https://google.lk/media,0
https://site.com/documentation,0
https://site.com/solutions,0
https://annapurnabhandarwb.in,0
https://www.stblizko.ru/en/home,0
https://www.stblizko.ru/privacy,0
https://doubleverify.com/documentation,0
https://doubleverify.com/profile,0
https://avspoilme.com/settings,0
https://avspoilme.com/contact-us,0
https://www.beliefnet.com,0
https://www.beliefnet.com/settings,0
https://codebuddy.ai/docs,0
https://inmarsat.com/faq,0
https://inmarsat.com/shop,0
https://www.pensador.com/en/about,0
https://www.crwdcntrl.net/privacy,0
https://www.crwdcntrl.net/shop,0
https://www.thalys.com/terms,0
https://www.webdramaturkey2.com/settings,0
https://www.webdramaturkey2.com/events,0
https://www.christianbook.com/signin,0
https://www.christianbook.com/team,0
https://e-msedge.net/en/about-us,0
https://www.backmarket.com/downloads,0
https://www.octo25.me/en/about,0
https://bringads.ru/products,0
https://bringads.ru/blog,0
https://windguru.cz/privacy,0
https://www.furyno.top/careers,0
https://www.tedk12.com/terms,0
https://www.tedk12.com/insights,0
https://www.adtrafficquality.google/documentation,0
https://www.vpesports.com,0
https://www.kuaishou.com/cart,0
https://www.kuaishou.com/privacy,0
https://www.prefixbox.com/faq,0
https://www.prefixbox.com/login,0
https://www.buffett-code.com,0
https://www.buffett-code.com/help,0
https://www.domainhotelli.fi/profile,0
https://www.domainhotelli.fi/store,0
https://www.etsy.com/resources,0
https://www.opendns.com/profile,0
https://www.opendns.com/legal,0
https://927589452.space/about-us,0
https://927589452.space/docs,0
https://casabatllo.es/cart,0
https://casabatllo.es/blog,0
https://ttwebview.com/careers,0
https://ttwebview.com/cart,0
https://www.marketo.com/about-us,0
https://www.marketo.com/about,0
https://www.imgix.video/account,0
https://denika.ua/download,0
https://denika.ua/signin,0
https://e8.co/signin,0
https://e8.co/team,0
https://pixiv.net/en/news,0
https://pixiv.net/api/docs,0
https://www.ramaikan178.xyz/careers,0
https://www.ramaikan178.xyz/press,0
https://live.net/news,0
https://beautycoiffure.com/settings,0
https://beautycoiffure.com/api/docs,0
https://www.finsfurniture.com/press,0
https://irishtimes.com/about,0
https://www.hema.com/en/about,0
https://www.hema.com,0
https://americafirst.com/cookies,0
https://americafirst.com/events,0
https://epsb.ca/login,0
https://windowsupdate.com/checkout,0
https://www.sfdr.co/solutions,0
https://www.sfdr.co/register,0
https://www.lis-skins.com/cart,0
https://www.lis-skins.com/team,0
https://www.criterion.com,0
https://www.modsecurity.org/privacy,0
https://www.modsecurity.org/account,0
https://www.grouple.co/en/about,0
https://www.grouple.co/team,0
https://kamigame.jp/en/news,0
https://ucoz.ru/cookies,0
https://ucoz.ru/cart,0
https://tlc-direct.co.uk/help,0
https://tlc-direct.co.uk/privacy,0
https://www.gamdom.com/team,0
https://www.wiodo.tech/blog,0
https://www.wiodo.tech/login,0
https://nuggetmarket.com/cookies,0
https://www.modooav15.com/help,0
https://alpha-hen.com/settings,0
https://dts.co.il,0
https://dts.co.il/register,0
https://wpsdns.com/solutions,0
https://wpsdns.com/store,0
https://mosspf.net/products,0
https://mosspf.net/careers,0
https://www.gstatic.com/documentation,0
https://www.gstatic.com/pricing,0
https://www.ecc.edu/solutions,0
https://www.ecc.edu/docs,0
https://trademarkia.com/cart,0
https://trademarkia.com/pricing,0
https://unige.it/checkout,0
https://unige.it/signup,0
https://perimeter81.com/products,0
https://perimeter81.com/careers,0
https://www.voda-s-gor.ru/news,0
https://www.corecoding.com/shop,0
https://www.corecoding.com/team,0
https://www.sgcasino.com/products,0
https://www.sgcasino.com/account,0
https://www.scholarschoice.ca/en/home,0
https://www.paraguay.com/signup,0
https://www.lww.com,0
https://www.lww.com/downloads,0
https://www.posteezy.com,0
https://agenciatributaria.gob.es/careers,0
https://agenciatributaria.gob.es/register,0
https://oup.com/faq,0
https://oup.com/leadership,0
https://www.office-forums.com/support,0
https://www.serenoregis.org,0
https://www.diken.com.tr/en/home,0
https://www.diken.com.tr/about,0
https://bcwebnet.com/login,0
https://nipic.com/contact-us,0
https://toulousehotel.net/docs,0
https://jovetech.com/pricing,0
https://jovetech.com/api/docs,0
https://dnsjunction.com/leadership,0
https://lacoste.co.za/cookies,0
https://www.imgur.com/privacy,0
https://sipgate.co.uk/account,0
https://sipgate.co.uk/press,0
https://chaloke.com/api/docs,0
https://www.gfan.com/login,0
https://dynata.com/products,0
https://dynata.com/faq,0
https://www.awsdns-57.net/contact-us,0
https://www.weibocdn.com,0
https://www.weibocdn.com/account,0
https://www.serconsrus.com/en/news,0
https://www.serconsrus.com/contact-us,0
https://shareaholic.net,0
https://www.motherjones.com/settings,0
https://www.motherjones.com/store,0
https://www.xcal.tv/pricing,0
https://hyperwriteai.com/profile,0
https://www.cic.fr,0
https://google.com.py/settings,0
https://www.edgesuite.net/news,0
https://genius.com/en/about,0
https://genius.com/insights,0
https://bus-vision.jp/research,0
https://bus-vision.jp/team,0
https://www.nskes.ru/settings,0
https://ccidns.net/login,0
https://mit.edu/download,0
https://mit.edu/team,0
https://www.calyptix.com/products,0
https://www.calyptix.com/en/about-us,0
https://www.xiaomimimo.com/downloads,0
https://www.xiaomimimo.com/account,0
https://brandfetch.io/about,0
https://douyinvod.com/signup,0
https://douyinvod.com/login,0
https://nakedmilfmoms.com,0
https://nakedmilfmoms.com/resources,0
https://mlbshop.com/downloads,0
https://mlbshop.com/media,0
https://www.weatherdailyinfo.com/resources,0
https://www.weatherdailyinfo.com/shop,0
https://cccadv.com/dashboard,0
https://imcmdb.net/products,0
https://imcmdb.net/cookies,0
https://www.reliefweb.int/shop,0
https://www.slotor777.ua/checkout,0
https://www.slotor777.ua/account,0
https://democraticaccent.com,0
https://hellolunatracker.com/media,0
https://www.playwithbao.com/contact,0
https://nes.com.tr,0
https://snow.me/dashboard,0
https://snow.me/terms,0
https://www.madamefigaro.gr,0
https://www.madamefigaro.gr/faq,0
https://xpg.com.br,0
https://www.allegrostatic.com/checkout,0
https://militaryaerospace.com/leadership,0
https://mercadolivre.com.br/faq,0
https://top500.org/faq,0
https://top500.org/insights,0
https://gulf-times.com,0
https://gulf-times.com/cookies,0
https://1xbet-ldxc.top/about,0
https://1xbet-ldxc.top/services,0
https://zen.co.uk/contact,0
https://144.in-addr.arpa/products,0
https://144.in-addr.arpa/cookies,0
https://malvinasargentinas.gob.ar/en/about,0
https://duolingo.com/contact,0
https://duolingo.com/api/docs,0
https://dailyspark.us/profile,0
https://dailyspark.us/leadership,0
https://adilsons.mu/press,0
https://adilsons.mu/contact,0
https://starfieldtech.com/legal,0
https://starfieldtech.com/support,0
https://doubleclick.net/help,0
https://doubleclick.net/account,0
https://gamenerdz.com/careers,0
https://gamenerdz.com/faq,0
https://githack.com/downloads,0
https://githack.com/account,0
https://imaginationunwired.com/docs,0
https://www.frvr.com/faq,0
https://www.frvr.com/team,0
https://www.uefa.com,0
https://www.uefa.com/downloads,0
https://coches.net,0
https://coches.net/store,0
https://libcal.com,0
https://libcal.com/register,0
https://www.ecritel.com/account,0
https://98z22.com/en/about,0
https://98z22.com/legal,0
https://www.sildenaguide.com/contact,0
https://www.jalane41.com/news,0
https://www.jalane41.com/blog,0
https://www.gota.net/solutions,0
https://www.disney-plus.net/about-us,0
https://www.disney-plus.net/en/about-us,0
https://www.cancer.ca/downloads,0
https://www.imba2026.com/privacy,0
https://www.imba2026.com/insights,0
https://seb.com/store,0
https://wifi.id/downloads,0
https://www.magic.fr/about-us,0
https://www.magic.fr/resources,0
https://www.xiaomi.com/help,0
https://www.xiaomi.com/jobs,0
https://www.is.com/resources,0
https://aanr.com/cart,0
https://britannica.com,0
https://britannica.com/register,0
https://www.plesk.page/en/home,0
https://www.plesk.page/en/about-us,0
https://www.websstats.com/blog,0
https://24-hds.com/events,0
https://24-hds.com/team,0
https://www.iseas.edu.sg/solutions,0
https://www.wetpaint.com/news,0
https://www.wetpaint.com/blog,0
https://www.pixabay.com/en/about-us,0
https://www.pixabay.com/api/docs,0
https://www.perplexity.ai/about-us,0
https://www.perplexity.ai/login,0
https://www.boltsvc.net/settings,0
https://www.boltsvc.net/resources,0
https://ytmp3tube.com/privacy,0
https://melenchon2027.fr/documentation,0
https://melenchon2027.fr/checkout,0
https://www.l-3com.com/pricing,0
https://umbrella.com/profile,0
https://umbrella.com/account,0
https://diunsa.hn/contact-us,0
https://www.vidaahub.com/help,0
https://www.vidaahub.com/faq,0
https://www.stu.ru/checkout,0
https://www.stu.ru/store,0
https://b8a4j3i2.xyz/help,0
https://b8a4j3i2.xyz/press,0
https://www.irishnews.com/blog,0
https://www.irishnews.com/shop,0
https://footprintnetwork.org/products,0
https://magnit.ru/events,0
https://kropozel.com/contact-us,0
https://ezwm6.com/shop,0
https://smadex.com,0
https://smadex.com/support,0
https://www.firstwalk.com/register,0
https://www.myshopify.com/support,0
https://shop.app/services,0
https://gimy01.co/en/about,0
https://gimy01.co/privacy,0
https://nskorea.com/settings,0
https://untd.com/docs,0
https://www.iqiyi.com/login,0
https://desire2learn.com/products,0
https://desire2learn.com/insights,0
https://ambitionbox.com,0
https://ambitionbox.com/leadership,0
https://www.ddizi.im/about,0
https://futuregamblestudio.com/dashboard,0
https://futuregamblestudio.com/faq,0
https://u-tokyo.ac.jp/signup,0
https://oposalud.net/solutions,0
https://oposalud.net/docs,0
https://www.houzz.com/account,0
https://www.bigda.com/media,0
https://www.nosto.com/en/about,0
https://www.nosto.com/download,0
https://www.keenetic.io/cookies,0
https://www.geeknewscentral.com/documentation,0
https://www.geeknewscentral.com/api/docs,0
https://www.modelbouwforum.nl/help,0
https://www.modelbouwforum.nl/profile,0
https://www.tiktokv.us/legal,0
https://www.tiktokv.us/pricing,0
https://www.savana.com/cart,0
https://creditural.ru,0
https://creditural.ru/en/about,0
https://www.martinsatacado.com.br/blog,0
https://www.herospin-casino.org/news,0
https://www.herospin-casino.org/dashboard,0
https://theg7.com/cookies,0
https://theg7.com/profile,0
https://www.blog.google/careers,0
https://humuson.com/jobs,0
https://www.warau.jp/en/home,0
https://www.warau.jp/team,0
https://eranium.net/en/news,0
https://www.99itv.net/news,0
https://privacy-mgmt.com/jobs,0
https://ln-msedge.net/checkout,0
https://www.upworthy.com/account,0
https://www.iconpln.co.id/media,0
https://www.nz.ua/downloads,0
https://www.sportsmansguide.com/careers,0
https://www.sportsmansguide.com/register,0
https://www.dnsstuff.com/resources,0
https://www.dnsstuff.com/blog,0
https://www.tierpoint.com/media,0
https://alipay.com.cn/en/about-us,0
https://alipay.com.cn/store,0
https://gyazo.com/solutions,0
https://is.fi/about-us,0
https://is.fi/settings,0
https://bezgranitsservice.pro/legal,0
https://www.wsj.com/download,0
https://www.wsj.com/checkout,0
https://www.asm.org/terms,0
https://www.asm.org/privacy,0
https://www.redecor.com/solutions,0
https://svc.ms/signin,0
https://misa.vn/api/docs,0
https://www.tinypass.com/events,0
https://apkpure.net/team,0
https://facebook-hardware.com/settings,0
https://facebook-hardware.com/account,0
https://www.force.com/jobs,0
https://speedtest.net/store,0
https://www.lemon64.com/downloads,0
https://www.lemon64.com/account,0
https://www.serversis.com/cookies,0
https://karte-edge.io,0
https://karte-edge.io/pricing,0
https://iqzonertb.live,0
https://iqzonertb.live/api/docs,0
https://www.synapse.net.ua/products,0
https://thoughtco.com/resources,0
https://thoughtco.com/register,0
https://www.occloud.io/jobs,0
https://www.occloud.io/press,0
https://excelsior.com.mx/settings,0
https://msftconnecttest.com/leadership,0
https://alarmpushes.com/about-us,0
https://alarmpushes.com/downloads,0
https://tabint.net/resources,0
https://www.society6.com/documentation,0
https://www.seg-social.pt,0
https://www.seg-social.pt/media,0
https://www.hexo.io/leadership,0
https://racing.com/settings,0
https://racing.com/checkout,0
https://cloud-cme.com/download,0
https://psira.co.za/contact-us,0
https://bt.com/about-us,0
https://bt.com/cookies,0
https://breadgateway.net/docs,0
https://www.htmlpublishing.com/resources,0
https://doh.gov.ae/dashboard,0
https://doh.gov.ae/en/about-us,0
https://www.thestar.com/blog,0
https://www.yandex.ru/careers,0
https://www.rackspace.net/cart,0
https://www.rackspace.net/signup,0
https://www.myhuaweicloud.com/products,0
https://www.agenteimmobiliare.info,0
https://www.agenteimmobiliare.info/leadership,0
https://www.callofduty.com/en/home,0
https://www.callofduty.com/research,0
https://moneytalksnews.com/pricing,0
https://moneytalksnews.com/services,0
https://www.imdb.com/careers,0
https://www.imdb.com/leadership,0
https://centralnic.net/pricing,0
https://uib.no/cart,0
https://uib.no/shop,0
https://www.haysexvlz.blog,0
https://www.360yield.com/checkout,0
https://thuisarts.nl,0
https://www.rheinpfalz.de/about-us,0
https://www.rheinpfalz.de/support,0
https://ngl.link/press,0
https://ngl.link/media,0
https://pingan.com/leadership,0
https://pubmatic.com,0
https://pubmatic.com/about-us,0
https://thetacloud.org/faq,0
https://thetacloud.org/docs,0
https://www.igg-games.com/en/about,0
https://www.igg-games.com/about,0
https://himovies.bz/contact-us,0
https://www.cet.ac.il/cookies,0
https://www.cet.ac.il/support,0
https://www.protek.ru/settings,0
https://kumulos.com/contact,0
https://op-online.de/privacy,0
https://wsukwai.com/store,0
https://wsukwai.com/jobs,0
https://cmediahub.ru/cookies,0
https://cmediahub.ru/en/about-us,0
https://lipscore.com/news,0
https://lipscore.com/shop,0
https://www.csic.es/terms,0
https://www.csic.es/research,0
https://www.grammarly.io/download,0
https://www.livechatenterprise.com,0
https://www.kurierlubelski.pl/cart,0
https://www.kurierlubelski.pl/insights,0
https://punchng.com/research,0
https://www.ebscohost.com,0
https://www.ebscohost.com/careers,0
https://cenzure.net.co,0
https://www.adform.net/insights,0
https://www.adform.net/login,0
https://www.meraevents.com/en/about,0
https://www.meraevents.com/legal,0
https://newloanpresent.my/contact-us,0
https://vinted.es/documentation,0
https://vinted.es/downloads,0
https://www.samsungknox.com/media,0
https://downringtone.com/profile,0
https://downringtone.com/privacy,0
https://www.solflare.com/checkout,0
https://www.buscari.com/cart,0
https://blogoxo.com/insights,0
https://blogoxo.com/leadership,0
https://www.instrumentidlyadoma.com/cookies,0
https://www.convertexperiments.com/en/about,0
https://www.convertexperiments.com/en/home,0
https://www.sn.no/research,0
https://www.sn.no/insights,0
https://sadc.int/signin,0
https://mahaonline.gov.in/cart,0
https://mahaonline.gov.in/docs,0
https://metromadrid.es/en/about-us,0
https://www.siepomaga.pl/store,0
https://corelogic.asia/download,0
https://corelogic.asia/account,0
https://www.nic.live/about-us,0
https://www.nic.live/careers,0
https://www.aiv-delivery.net/faq,0
https://www.planettunisie.com/cookies,0
https://www.planettunisie.com/services,0
https://comarit.live/faq,0
https://www.cdnhwc6.com/about-us,0
https://www.profedet.gob.mx/research,0
https://www.superwall.com/products,0
https://www.okta.com/cookies,0
https://www.okta.com/downloads,0
https://bmi.ir/resources,0
https://bmi.ir/blog,0
https://brandbucket.com/services,0
https://nettica.com/download,0
https://nettica.com/docs,0
https://www.blueyonder.co.uk,0
https://bunniestudios.com/profile,0
https://www.dns-parking.com/support,0
https://mzstatic.com/contact,0
https://networkadvertising.org,0
https://networkadvertising.org/en/about-us,0
https://www.media.io/account,0
https://www.snappfood.ir/signin,0
https://www.snappfood.ir/en/home,0
https://www.13xx.casino/dashboard,0
https://www.13xx.casino/contact-us,0
https://www.ninebrad.com/signin,0
https://pzxrmyy.cn/services,0
https://subnautica.net/signin,0
https://subnautica.net/blog,0
https://www.transsion-os.com/en/about-us,0
https://www.transsion-os.com/pricing,0
https://xhofficial.com/support,0
https://xhofficial.com/shop,0
https://www.tagtoo.com.tw/news,0
https://www.azure-apihub.net/contact,0
https://www.unmixed.ru/jobs,0
https://www.thezenweb.com/help,0
https://www.thezenweb.com/shop,0
https://firstcreditpayment.com/download,0
https://xranks.com/events,0
https://mfc-china.cn/about-us,0
https://www.moov.com.ar/leadership,0
https://www.moov.com.ar/contact,0
https://lascana.com/privacy,0
https://lascana.com/solutions,0
https://www.dns.gh/shop,0
https://viaconex.com/documentation,0
https://viaconex.com/media,0
https://www.javbus.com/insights,0
https://www.javbus.com/account,0
https://www.3gppnetwork.org/about,0
https://shimmergames.xyz/privacy,0
https://shimmergames.xyz/leadership,0
https://glomex.com/help,0
https://glomex.com/resources,0
https://www.speakerdeck.com/legal,0
https://newsboydurance.cfd/account,0
https://www.metfone.com.kh/insights,0
https://www.yettel.bg/documentation,0
https://www.yettel.bg/en/news,0
https://www.vsembed.ru/en/about,0
https://www.areal.company/about,0
https://www.areal.company/docs,0
https://mte.gov.br/insights,0
https://mte.gov.br/jobs,0
https://www.apnews.com/en/home,0
https://www.apnews.com/settings,0
https://athletiko.gr/api/docs,0
https://shallotteelectric.com/en/news,0
https://shallotteelectric.com/contact-us,0
https://offensive-security.com/en/about,0
https://offensive-security.com/contact,0
https://smooch.io/register,0
https://www.clayops.com/store,0
https://solodeportes.com.ar/terms,0
https://solodeportes.com.ar/account,0
https://www.armsport.am/about-us,0
https://ncrpay.com/en/news,0
https://www.rogers.com/events,0
https://pciconcursos.com.br/team,0
https://www.adelement.com/en/about-us,0
https://www.adelement.com/shop,0
https://motorwatt.com/profile,0
https://allsectech.com/en/about-us,0
https://allsectech.com/insights,0
https://ax-msedge.net/download,0
https://ax-msedge.net/jobs,0
https://www.lgtvcommon.com/about-us,0
https://www.lgtvcommon.com/en/news,0
https://www.betano.bet.ar/news,0
https://www.betano.bet.ar/signup,0
https://dpshop.com.tw,0
https://movember.com/contact-us,0
https://movember.com/signup,0
https://actian.com/jobs,0
https://ivi.ru/cart,0
https://ivi.ru/account,0
https://wildtangent.com/jobs,0
https://wildtangent.com/docs,0
https://www.personal-reviews.com/privacy,0
https://www.geeksforgeeks.org/careers,0
https://www.geeksforgeeks.org/faq,0
https://www.xvideos2.com/news,0
https://touchtunes.com/blog,0
https://iblogger.org/dashboard,0
https://iblogger.org/jobs,0
https://www.parental-controls.com/about-us,0
https://hawkplay.com/insights,0
https://hawkplay.com/leadership,0
https://www.vnukovo.ru/shop,0
https://www.vnukovo.ru/media,0
https://www.nd.edu/en/about,0
https://www.nd.edu/team,0
https://www.obspy.org/media,0
https://www.srv224.com/en/about-us,0
https://dizikagaz.in/download,0
https://www.crisisprevention.com/en/home,0
https://www.crisisprevention.com/en/about-us,0
https://www.freshtohome.com/en/about-us,0
https://www.paypertic.com/en/news,0
https://www.paypertic.com/contact-us,0
https://globalbet.com/blog,0
https://www.scribd.com/cookies,0
https://www.scribd.com/leadership,0
https://www.search-io.com/pricing,0
https://mydreamcompanion.com/profile,0
https://reversee.hu,0
https://reversee.hu/shop,0
https://www.tzsjysg.com/privacy,0
https://www.businessmens.ru/downloads,0
https://www.businessmens.ru/en/about-us,0
https://www.gzdibu.com/research,0
https://www.gzdibu.com/signup,0
https://cimalight.co/settings,0
https://sociomix.com/downloads,0
https://sociomix.com/insights,0
https://www.spamhaus.org/cart,0
https://www.cryoutcreations.eu/en/about-us,0
https://1mzf.ru/research,0
https://1mzf.ru/api/docs,0
https://www.f7f7.net/about-us,0
https://www.f7f7.net/terms,0
https://www.xiachufang.com/insights,0
https://www.bbcgoodfood.com/shop,0
https://www.francetvinfo.fr,0
https://www.francetvinfo.fr/api/docs,0
https://ntt-east.co.jp/en/news,0
https://www.cityofchicago.org/faq,0
https://www.cityofchicago.org/research,0
https://www.wa.me/terms,0
https://onstackit.cloud/support,0
https://wplace.live/store,0
https://rakuten.co.jp/terms,0
https://www.hyerbtdlc.com/resources,0
https://www.hyerbtdlc.com/docs,0
https://www.plantasdeacuarios.com/downloads,0
https://www.plantasdeacuarios.com/cart,0
https://www.y2k.diy,0
https://www.y2k.diy/checkout,0
https://www.ydklm.com.tr,0
https://www.vp3n.ru/privacy,0
https://www.vp3n.ru/register,0
https://kobo.com/docs,0
https://www.falabella.com.pe/privacy,0
https://www.falabella.com.pe/login,0
https://fordlibrarymuseum.gov,0
https://fordlibrarymuseum.gov/signup,0
https://www.capcom.co.jp/profile,0
https://www.capcom.co.jp/docs,0
https://rtbwise.com/contact,0
https://sdnbvc.edu.in/jobs,0
https://sdnbvc.edu.in/shop,0
https://www.mlsmatrix.com/signin,0
https://www.mlsmatrix.com/support,0
https://gridx.ai/login,0
https://canalturf.com/resources,0
https://canalturf.com/leadership,0
https://prune.com.ar/downloads,0
https://www.tvpassport.com/cookies,0
https://radioonlinehd.com/account,0
https://www.homeoffice.gov.uk/about,0
https://www.sentry.io/cookies,0
https://helpguide.org/help,0
https://helpguide.org/solutions,0
https://www.veeam.com,0
https://www.veeam.com/products,0
https://javadoc.io,0
https://yandexcom.net/store,0
https://dragon2000.net/about-us,0
https://chocolatey.org/docs,0
https://beegdirectory.com/contact-us,0
https://zendesk-staging.com/signup,0
https://zendesk-staging.com/leadership,0
https://www.meteoplanet.it/cart,0
https://miaopai.com/resources,0
https://miaopai.com/jobs,0
https://pump.fun/press,0
https://pump.fun/login,0
https://www.verbraucher-schlichter.de,0
https://www.verbraucher-schlichter.de/resources,0
https://1333bdt1.com,0
https://1333bdt1.com/login,0
https://www.bbva.mx/team,0
https://www.bbva.mx/media,0
https://www.qq.com/shop,0
https://flexwebhosting.com/blog,0
https://flexwebhosting.com/contact,0
https://sscycle.com/shop,0
https://sscycle.com/services,0
https://www.mydesi.click/download,0
https://www.mydesi.click/login,0
https://parkindigo.com/about,0
https://www.t.co/resources,0
https://www.t.co/team,0
https://pornoborshch.com/blog,0
https://pornoborshch.com/checkout,0
https://www.bytedns1.com/dashboard,0
https://www.active-logistics.com/settings,0
https://farfetch.com,0
https://farfetch.com/en/about-us,0
https://www.cloudflareinsights.com/privacy,0
https://www.cloudflareinsights.com/jobs,0
https://www.python.ca/en/home,0
https://www.forumcomm.com/settings,0
https://www.forumcomm.com/resources,0
https://www.tchncs.de/profile,0
https://www.tchncs.de/support,0
https://heyvagroup.com/cart,0
https://go.com/faq,0
https://berkeley.edu/about-us,0
https://berkeley.edu/leadership,0
https://www.fortunevault.co.uk/products,0
https://www.fortunevault.co.uk/checkout,0
https://cat999.co/docs,0
https://loopaautomate.com/settings,0
https://loopaautomate.com/docs,0
https://elmundo.es/about-us,0
https://elmundo.es/terms,0
https://www.blogoscoped.com/products,0
https://www.blogoscoped.com/api/docs,0
https://jumbleanswer.com,0
https://www.meridianenergy.co.nz/terms,0
https://hetzner.com/en/home,0
https://hetzner.com/terms,0
https://www.montblanc.com,0
https://www.sedatoseda.com/downloads,0
https://www.sedatoseda.com/insights,0
https://m-pesa.com/services,0
https://www.mckessonspecialtyhealth.com/en/home,0
https://www.mckessonspecialtyhealth.com/profile,0
https://www.rescueglobalx.com/about,0
https://gandi.net/terms,0
https://www.ntst.com,0
https://www.ntst.com/shop,0
https://www.qut.edu.au,0
https://sapsf.com/register,0
https://lavozdeasturias.es/leadership,0
https://www.7dak4455.one/contact,0
https://alfasense.net/about,0
https://mongodb-api.com/research,0
https://mongodb-api.com/support,0
https://tabii.com/contact-us,0
https://tabii.com/account,0
https://lijit.com/account,0
https://www.applitrack.com/events,0
https://www.gruppomegamark.it/support,0
https://www.ndmsystems.com/events,0
https://www.ndmsystems.com/blog,0
https://www.4partners.io/en/about,0
https://www.4partners.io/press,0
https://www.cazinostars.io/news,0
https://www.megoplan.ru/resources,0
https://www.megoplan.ru/press,0
https://www.stripchat.webcam,0
https://www.stripchat.webcam/about-us,0
https://porndig.mobi/download,0
https://robomart.co/settings,0
https://robomart.co/careers,0
https://www.00px.net/settings,0
https://www.00px.net/news,0
https://www.astrorecords-filmworks.com/cookies,0
https://www.astrorecords-filmworks.com/team,0
https://jav5000.com/shop,0
https://www.sun.com/download,0
https://kaa.lt/cart,0
https://www.no-ip.biz/help,0
https://www.no-ip.biz/careers,0
https://www.wikifarmer.com/products,0
https://www.nicotto.jp/shop,0
https://inbrowser.link/leadership,0
https://www.dropz-k.com/signin,0
https://www.dailymotion.com/insights,0
https://www.shalove.net/terms,0
https://www.shalove.net/media,0
https://blogspot.am,0
https://www.heroesvillains.com/jobs,0
https://www.heroesvillains.com/services,0
https://best-quiz.com,0
https://best-quiz.com/contact,0
https://techhit.com/press,0
https://www.share-style.co.jp/legal,0
https://www.share-style.co.jp/contact-us,0
https://www.digiteka.com/downloads,0
https://tiktokw.us/products,0
https://tiktokw.us/careers,0
https://www.vipreseller16.net/resources,0
https://www.vipreseller16.net/solutions,0
https://www.filester.si/contact,0
https://sportradar.com/products,0
https://sportradar.com/docs,0
https://unu.edu/privacy,0
https://www.samsungapps.com/jobs,0
https://www.el-sv.ru/docs,0
https://www.el-sv.ru/media,0
https://nr-data.net/products,0
https://nr-data.net/downloads,0
https://www.todoist.com/products,0
https://www.todoist.com/support,0
https://www.transformativeworks.org/signin,0
https://www.jqyvmspt.tech/careers,0
https://www.jqyvmspt.tech/leadership,0
https://thechurchnews.com/solutions,0
https://thechurchnews.com/signup,0
https://canon.com/en/about-us,0
https://www.fafafaplaypokie.com/about-us,0
https://www.spinalnetwork.org.au/en/news,0
https://www.spinalnetwork.org.au/services,0
https://infomir.com,0
https://infomir.com/signin,0
https://www.px-cloud.net/pricing,0
https://dynu.com/en/news,0
https://navify.com/careers,0
https://amazon.de/privacy,0
https://sportbox.ru/jobs,0
https://ilpost.it/settings,0
https://ilpost.it/research,0
https://www.belchic.shop/terms,0
https://www.belchic.shop/pricing,0
https://cameleonmedia.name/settings,0
https://www.hanze.nl/news,0
https://bluedart.com/checkout,0
https://gsi.de/privacy,0
https://www.hamleys.com/download,0
https://www.etwarm.com.tw/leadership,0
https://www.tailwindui.com/download,0
https://udayton.edu/cart,0
https://udayton.edu/leadership,0
https://www.applovin.com/cart,0
https://www.5278cc-tw.net,0
https://www.5278cc-tw.net/cookies,0
https://xlink.cloud/settings,0
https://xlink.cloud/shop,0
https://lawrieandsymington.com/insights,0
https://10minutemail.com,0
https://10minutemail.com/api/docs,0
https://www.salaby.no,0
https://www.salaby.no/contact-us,0
https://www.zdnscloud.cn,0
https://www.zdnscloud.cn/shop,0
https://receive-smss.com/checkout,0
https://tippy-t.com/en/about,0
https://segment.io/news,0
https://www.vivo.com/en/home,0
https://meneercasino.com/events,0
https://meneercasino.com/api/docs,0
https://eliteresources.de/events,0
https://www.runescape.wiki/account,0
https://www.ford.ca/profile,0
https://www.ford.ca/legal,0
https://www.prnewswire.com/about,0
https://1happybirthday.com/legal,0
https://1happybirthday.com/terms,0
https://swayam.gov.in/privacy,0
https://www.awsdns-41.co.uk/team,0
https://www.awsdns-41.co.uk/shop,0
https://facemojikeyboard.com/products,0
https://gesis.org/documentation,0
https://gesis.org/about-us,0
https://www.paste2.org/about,0
https://www.paste2.org/contact,0
https://www.gamepass.com/settings,0
https://medpoint24.ru/services,0
https://www.zentral.cloud/signup,0
https://www.wregi.com/privacy,0
https://www.vercel-dns-017.com/checkout,0
https://www.vercel-dns-017.com/api/docs,0
https://www.betterstack.net/about,0
https://skyscanner.com.br/cookies,0
https://doz.pl/en/news,0
https://doz.pl/support,0
https://google.cn/en/news,0
https://google.cn/terms,0
https://atsenergo.ru/register,0
https://atsenergo.ru/leadership,0
https://www.jquerymobile.com/insights,0
https://www.jquerymobile.com/press,0
https://saglikyayincilik.net/faq,0
https://saglikyayincilik.net/signup,0
https://www.diariolibre.com/blog,0
https://sndcdn.com/press,0
https://sndcdn.com/shop,0
https://cuanschutz.edu/download,0
https://cuanschutz.edu/media,0
https://www.editura-arthur.ro/press,0
https://gorod55.ru/account,0
https://www.gazzetta.it/faq,0
https://www.gazzetta.it/login,0
https://www.awsdns-26.com/dashboard,0
https://www.pik.digital/faq,0
https://www.pik.digital/blog,0
https://www.googleapis.com/en/home,0
https://alipaydns.com/documentation,0
https://ovscdns.com/leadership,0
https://deadlock-api.com,0
https://www.5777bet8.com/download,0
https://www.5777bet8.com/checkout,0
https://ad-tech.ru/events,0
https://ad-tech.ru/en/about-us,0
https://www.hacklinkgirisyap.com/settings,0
https://www.hacklinkgirisyap.com/support,0
https://intrastat.ro,0
https://intrastat.ro/news,0
https://www.vimeo.com/register,0
https://www.quifattura.it/team,0
https://sunsetsinc.com,0
https://sunsetsinc.com/store,0
https://akulaku.com/insights,0
https://www.bytefcdn-oversea.com,0
https://www.bytefcdn-oversea.com/products,0
https://durationmedia.net/profile,0
https://durationmedia.net/dashboard,0
https://www.branch.io/products,0
https://www.branch.io/terms,0
https://www.barracuda.com/dashboard,0
https://etorostatic.com/download,0
https://www.pbs.org/faq,0
https://www.pbs.org/docs,0
https://strp.chat/help,0
https://strp.chat/register,0
https://elitebabes.com/services,0
https://berklee.edu/careers,0
https://berklee.edu/api/docs,0
https://jdsports.nl/research,0
https://jdsports.nl/press,0
https://www.datacenterdynamics.com/downloads,0
https://www.datacenterdynamics.com/careers,0
https://www.bunnyinfra.net/blog,0
https://www.koin.com/cookies,0
https://www.koin.com/support,0
https://www.samsungcloudsolution.com,0
https://www.samsungcloudsolution.com/about-us,0
https://flixhq.life/careers,0
https://flixhq.life/media,0
https://www.gurudesk.app/products,0
https://www.ke.com/en/about,0
https://www.ke.com/signup,0
https://www.jetbrains.com/en/news,0
https://www.jetbrains.com/register,0
https://merckgroup.com,0
https://merckgroup.com/solutions,0
https://www.bazaarvoice.com/login,0
https://freightcom.com/checkout,0
https://freightcom.com/contact-us,0
https://www.freelibrary.org/careers,0
https://www.freelibrary.org/media,0
https://www.philanthropy.com,0
https://dns.eu/terms,0
https://dns.eu/about,0
https://googletagservices.com/en/news,0
https://googletagservices.com/privacy,0
https://www.luna86514.com/profile,0
https://www.luna86514.com/cart,0
https://yeastar.com/faq,0
https://www.qtickets.ru/login,0
https://www.kodamastudio.com/blog,0
https://www.hitachi-mp.co.jp/help,0
https://7dak.com/careers,0
https://7dak.com/faq,0
https://www.toplocalstatedir.cc,0
https://www.toplocalstatedir.cc/signup,0
https://www.webempresa.eu/legal,0
https://www.loilonote.app/events,0
https://www.search-redirect.com/en/home,0
https://www.magacademy.co/profile,0
https://www.magacademy.co/research,0
https://ndr.de/en/home,0
https://ndr.de/contact,0
https://www.archive.ph,0
https://www.flixster.com/faq,0
https://www.flixster.com/resources,0
https://www.karmanow.com/press,0
https://www.karmanow.com/contact,0
https://nicns.net/products,0
https://www.hsbc.com.hk/careers,0
https://adminvps.net/contact-us,0
https://www.novaroulettezone.com/privacy,0
https://jeetbuzzx.com/news,0
https://jeetbuzzx.com/team,0
https://www.faasafety.gov/download,0
https://www.faasafety.gov/media,0
https://www.morganstanley.net/solutions,0
https://www.slbloodlines.com/settings,0
https://www.tesk.mx/services,0
https://veronalabs.com/jobs,0
https://www.vlr.gg/about,0
https://www.cnb.cool/events,0
https://www.cnb.cool/jobs,0
https://elespanol.com,0
https://www.bscu.org/privacy,0
https://www.naturalreaders.com,0
https://www.naturalreaders.com/about,0
https://www.pypestream.com/events,0
https://www.happening.dev/store,0
https://raspberrypi.org/media,0
https://www.earlywarning.io/about-us,0
https://www.futurehost.pl/help,0
https://www.futurehost.pl/en/news,0
https://irs.gov/legal,0
https://eblib.com/en/news,0
https://www.zenlogic.net/download,0
https://boomingtech.com/events,0
https://boomingtech.com/press,0
https://qh-cdn.com/services,0
https://udag.de/settings,0
https://udag.de/faq,0
https://www.marketingcloudapis.com/profile,0
https://www.marketingcloudapis.com/contact,0
https://www.cuam.edu.ve/jobs,0
https://www.cuam.edu.ve/docs,0
https://www.vonage.net/careers,0
https://www.animeheaven.me/contact-us,0
https://www.animeheaven.me/leadership,0
https://ku9.site/terms,0
https://www.suribet.sr/en/about,0
https://www.suribet.sr/downloads,0
https://www.connect.az/terms,0
https://www.connect.az/contact-us,0
https://www.axa.cars/store,0
https://www.axa.cars/api/docs,0
https://www.fitness.blog/en/about,0
https://www.fitness.blog/solutions,0
https://tongliao.gov.cn/products,0
https://tongliao.gov.cn/about,0
https://www.tiktokpangle.us/profile,0
https://www.tiktokpangle.us/faq,0
https://www.upc.edu/profile,0
https://www.upc.edu/contact,0
https://www.mailinabox.email/contact-us,0
https://cmtelematics.com/settings,0
https://cmtelematics.com/en/news,0
https://www.porntrex.com/about,0
https://www.punjabpolice.gov.pk/support,0
https://google.com.gt/solutions,0
https://google.com.gt/contact-us,0
https://schladming-dachstein.at/signin,0
https://schladming-dachstein.at/events,0
https://vendoadv.gr/events,0
https://vendoadv.gr/insights,0
https://kayzen.io/help,0
https://kayzen.io/privacy,0
https://www.vidrey.com/legal,0
https://www.vidrey.com/terms,0
https://www.jackboxgames.com/contact-us,0
https://www.jackboxgames.com/contact,0
https://cocomic.co/cart,0
https://cocomic.co/solutions,0
https://usercontent.goog/contact,0
https://knobs-etc.com/terms,0
https://hdsexmovies.xxx/docs,0
https://bundesrat.de/blog,0
https://bundesrat.de/register,0
https://www.superocho.org/events,0
https://www.yandex.com.tr/insights,0
https://www.yandex.com.tr/leadership,0
https://www.nimboxcrm.cloud/legal,0
https://www.nimboxcrm.cloud/terms,0
https://sony.com/en/home,0
https://sony.com/research,0
https://bytecdn.com/jobs,0
https://www.wahaca.co.uk/docs,0
https://www.standardandpoors.com/leadership,0
https://www.standardandpoors.com/team,0
https://instachecker.com/en/about,0
https://www.unityops.net/download,0
https://www.unityops.net/press,0
https://vivoglobal.com/register,0
https://krnglasses.com/events,0
https://krnglasses.com/contact-us,0
https://cloudflarestorage.com/en/about,0
https://cloudflarestorage.com/dashboard,0
https://cnrl.com/en/about,0
https://cnrl.com/privacy,0
https://www.golden-goalz.club/documentation,0
https://www.msdhulap.com/profile,0
https://www.msdhulap.com/shop,0
https://www.hndfzyxx.cn,0
https://www.hndfzyxx.cn/account,0
https://startappservice.com/news,0
https://proatlas.net/research,0
https://proatlas.net/api/docs,0
https://www.sd1956.si/contact,0
https://www.sd1956.si/docs,0
https://www.sc-cdn.net/help,0
https://www.sc-cdn.net/careers,0
https://www.saukvalley.com/pricing,0
https://azure-dns.net/about-us,0
https://azure-dns.net/en/news,0
https://www.lightspotads.com/register,0
https://golfhouse.at,0
https://cri.cn/leadership,0
https://cendant.com/legal,0
https://cendant.com/en/about-us,0
https://www.repsol.com,0
https://www.repsol.com/settings,0
https://www.interactivedata.com/account,0
https://www.cdn20.com/en/about-us,0
https://www.cdn20.com/account,0
https://psvgamestudio.com/settings,0
https://psvgamestudio.com/contact,0
https://oraclecloud.com/legal,0
https://oraclecloud.com/terms,0
https://www.rijksapps.nl/press,0
https://www.rijksapps.nl/shop,0
https://flyingtiger.com.tr/products,0
https://flyingtiger.com.tr/terms,0
https://www.cq9.pro/en/home,0
https://hichina.com,0
https://hichina.com/register,0
https://inxshare.com/research,0
https://inxshare.com/solutions,0
https://veepee.tech/download,0
https://www.libtorrent.org/en/news,0
https://23794.top/en/about-us,0
https://www.heraldsun.com.au/jobs,0
https://www.heraldsun.com.au/services,0
https://copyscape.com/checkout,0
https://inflowwapi.com/dashboard,0
https://inflowwapi.com/jobs,0
https://www.staticflickr.com/careers,0
https://ammoseek.com/events,0
https://ammoseek.com/dashboard,0
https://petermillar.com/cart,0
https://www.darkvk2.ru/en/about-us,0
https://comfy.org/signin,0
https://comfy.org/cart,0
https://furunavi.jp/downloads,0
https://furunavi.jp/en/about-us,0
https://www.masteredu.ai/faq,0
https://nic.network/blog,0
https://www.liftdsp.com/careers,0
https://www.liftdsp.com/jobs,0
https://www.opel.at/cart,0
https://aviationpartsonline.com/signin,0
https://aviationpartsonline.com/signup,0
https://www.adobe.com/profile,0
https://www.adobe.com/store,0
https://www.tkor118.com/contact-us,0
https://unpkg.com/pricing,0
https://mechelen.be/terms,0
https://mechelen.be/leadership,0
https://discogs.com/checkout,0
https://discogs.com/jobs,0
https://www.123rf.com/press,0
https://rawlings.com/login,0
https://www.shield.kw/en/about,0
https://www.shield.kw/dashboard,0
https://www.vas-server.cz/downloads,0
https://menaapp.net,0
https://google.us/account,0
https://harvestlounge.co.uk/careers,0
https://myshakespeare.com/documentation,0
https://www.edookit.net/pricing,0
https://baidu.com/cookies,0
https://www.ohmite.com/about-us,0
https://www.ohmite.com/terms,0
https://leituramanga.net/resources,0
https://www.postimgs.org/en/news,0
https://www.postimgs.org/api/docs,0
https://www.anlikaltinfiyatlari.com/jobs,0
https://www.baseballprospectus.com/media,0
https://www.iinethosting.net.au/careers,0
https://www.iinethosting.net.au/team,0
https://lordu8il.lat/terms,0
https://telephony.goog/account,0
https://websitebaker.org/profile,0
https://websitebaker.org/pricing,0
https://www.miwifi.com/faq,0
https://flexbe.ru,0
https://flexbe.ru/register,0
https://vdu.lt/api/docs,0
https://wb.ru/settings,0
https://bitrix24.ru/login,0
https://www.merlincycles.com/settings,0
https://www.merlincycles.com/cart,0
https://thecatholicthing.org/en/home,0
https://freakcollectors.com,0
https://freakcollectors.com/docs,0
https://www.yieldmo.com/register,0
https://www.yieldmo.com/login,0
https://www.cybertruckownersclub.com/register,0
https://mahakosh.gov.in/team,0
https://www.nbcnews.com,0
https://www.nbcnews.com/insights,0
https://24ways.org/resources,0
https://astonmartin.com/careers,0
https://astonmartin.com/api/docs,0
https://74.ru/download,0
https://74.ru/jobs,0
https://eagon.com/press,0
https://www.nashville.org/help,0
https://www.news.pn/settings,0
https://www.news.pn/leadership,0
https://wired.com/checkout,0
https://www.interplanet.com.mx/checkout,0
https://www.interplanet.com.mx/insights,0
https://www.queniubg.com/products,0
https://www.queniubg.com/cart,0
https://www.p7.de/contact-us,0
https://tireping.com/store,0
https://posterous.com/privacy,0
https://posterous.com/team,0
https://www.blinkenarea.org/login,0
https://www.swimaholic.cz/research,0
https://www.swimaholic.cz/signup,0
https://www.dynipv6.de/faq,0
https://www.dynipv6.de/media,0
https://www.kvado.ru/en/about-us,0
https://www.kvado.ru/solutions,0
https://bornlivingyoga.com/en/about,0
https://cdmmc.org/about-us,0
https://apprbs.com.br/login,0
https://www.freemeteo.com.hr,0
https://www.attlocal.net/login,0
https://www.attlocal.net/store,0
https://www.pointclick.net/en/about-us,0
https://www.pointclick.net/press,0
https://cype.com/resources,0
https://cype.com/leadership,0
https://bazos.sk/solutions,0
https://bazos.sk/contact-us,0
https://www.jotform.com/insights,0
https://www.oasisdomain.net/news,0
https://www.oasisdomain.net/docs,0
https://www.myfitnesspal.com/store,0
https://www.auto-tests.com/profile,0
https://www.auto-tests.com/downloads,0
https://ziggo.nl/careers,0
https://coursera.org/signup,0
https://www.msdmanuals.com/shop,0
https://diabetes.org/faq,0
https://www.nextlgsdp.com,0
https://www.nextlgsdp.com/about-us,0
https://playfabapi.com/documentation,0
https://playfabapi.com/settings,0
https://iccku.com/download,0
https://iccku.com/jobs,0
https://trywholesaleexpress.com/about,0
https://trywholesaleexpress.com/contact,0
https://roockmobile.com/support,0
https://wsrv.nl/help,0
https://wsrv.nl/store,0
https://www.desikahani2.net,0
https://cqrb.cn/documentation,0
https://cqrb.cn/register,0
https://www.animegate.net/en/about,0
https://www.joomla.org/login,0
https://www.rtp68f.com/leadership,0
https://www.rtp68f.com/support,0
https://www.xescdn.com/download,0
https://www.xescdn.com/cookies,0
https://www.mozilla.net/contact-us,0
https://www.mozilla.net/account,0
https://curseforge.com/terms,0
https://arbitr.ru/faq,0
https://arbitr.ru/api/docs,0
https://imhentai.xxx/login,0
https://imhentai.xxx/shop,0
https://www.equalityadvisoryservice.com/cookies,0
https://www.equalityadvisoryservice.com/account,0
https://xnxxporn.video/account,0
https://z-dn.net/events,0
https://z-dn.net/blog,0
https://www.samsung.com,0
https://www.samsung.com/products,0
https://www.meltingme.com/media,0
https://www.wowza.com/download,0
https://www.wowza.com/press,0
https://www.blaulichtsms.net/terms,0
https://www.tickcounter.com/download,0
https://www.tickcounter.com/en/about,0
https://optum.com/downloads,0
https://optum.com/contact-us,0
https://www.capcut.com/help,0
https://972mag.com/press,0
https://972mag.com/media,0
https://mail.ru/dashboard,0
https://mail.ru/en/about-us,0
https://nachi.org/cookies,0
https://blueskyclothingco.com/careers,0
https://www.rvty.net/resources,0
https://www.r-l-x.de/support,0
https://www.pornpics.de/documentation,0
https://www.y8.com/account,0
https://newrelic.com/leadership,0
https://stjude.org/cart,0
https://stjude.org/leadership,0
https://freejobalert.com/support,0
